L;T;eL;eT
1.546686857;2.494862196;0.000579577;0.00046744
1.38402019;2.360024859;0.000579577;0.000494146