X;T;eX;eT
0.397069651;2.494862196;7.43954E-05;0.00046744
0.375609622;2.360024859;7.86458E-05;0.000494146
