I;F;eI;eF
100;2.857;1;0.008163265
80;2.222;1;0.004938272
60;2;1;0.004
40;1.25;1;0.0015625
20;1;1;0.001